{"avg_ep_len": 100.0, "avg_ep_rew": -685.014765160395, "avg_step_time": 0.0009584035873413088, "_timestamp": 1697077741.8698034, "_runtime": 732.902533531189, "_step": 90000}